{"cameraMode":{"drawMode":0,"name":"Shaded","section":"Shading Mode"},"sceneLighting":false,"audioPlay":false,"sceneViewState":{"showFog":true,"showMaterialUpdate":false,"showSkybox":false,"showFlares":true,"showImageEffects":true,"showParticleSystems":true,"showVisualEffectGraphs":true,"m_FxEnabled":true},"in2DMode":false,"pivot":{"x":-0.019999980926513673,"y":-0.19080007076263429,"z":-0.9499998092651367},"rotation":{"x":0.45496565103530886,"y":-0.13660341501235963,"z":0.07085712999105454,"w":0.8771162629127502},"size":1.0330126285552979,"orthographic":false}