{"cameraMode":{"drawMode":0,"name":"Shaded","section":"Shading Mode"},"sceneLighting":false,"audioPlay":false,"sceneViewState":{"showFog":true,"showMaterialUpdate":false,"showSkybox":false,"showFlares":true,"showImageEffects":true,"showParticleSystems":true,"showVisualEffectGraphs":true,"m_FxEnabled":true},"in2DMode":false,"pivot":{"x":-0.10069942474365235,"y":0.7653379440307617,"z":0.5057624578475952},"rotation":{"x":0.37052735686302187,"y":-0.43198883533477785,"z":0.20073935389518739,"w":0.7973702549934387},"size":2.1145877838134767,"orthographic":false}