{"cameraMode":{"drawMode":0,"name":"Shaded","section":"Shading Mode"},"sceneLighting":true,"audioPlay":false,"sceneViewState":{"showFog":true,"showMaterialUpdate":false,"showSkybox":true,"showFlares":true,"showImageEffects":true,"showParticleSystems":true,"showVisualEffectGraphs":true,"m_FxEnabled":true},"in2DMode":false,"pivot":{"x":-2.6787521839141847,"y":17.840206146240236,"z":-16.815324783325197},"rotation":{"x":0.32926034927368166,"y":0.049542080610990527,"z":-0.01730312779545784,"w":0.9427834153175354},"size":14.233989715576172,"orthographic":false}